Ref,Val,Package,PosX,PosY,Rot,Side
"D1","1N4001","D_1206",24.500000,73.938000,270.000000,bottom
"D3","1N4001","D_1206",12.065000,73.914000,270.000000,bottom
