Ref,Val,Package,PosX,PosY,Rot,Side
"D1","1N4001","D_1206",0.964567,2.910945,270.000000,bottom
"D3","1N4001","D_1206",0.475000,2.910000,270.000000,bottom
