Ref,Val,Package,PosX,PosY,Rot,Side
"LOGO1","OpenHornetLogoSmall","OH_LOGO_ONLY_11x6mm",6.815000,-28.730000,0.000000,top
"Q2","IRLML6402TRPBF","SOT-23",19.830000,-13.125000,90.000000,top
"Q3","IRLML6402TRPBF","SOT-23",19.515000,-33.810000,90.000000,top
"R1","10K","R_0603_1608Metric_Pad0.98x0.95mm_HandSolder",19.792500,-18.570000,-0.000000,top
"R2","10K","R_0603_1608Metric_Pad0.98x0.95mm_HandSolder",19.792500,-16.030000,-0.000000,top
"R3","10K","R_0603_1608Metric_Pad0.98x0.95mm_HandSolder",10.625000,-23.650000,-0.000000,top
"R4","10K","R_0603_1608Metric_Pad0.98x0.95mm_HandSolder",19.515000,-36.350000,0.000000,top
"R5","10K","R_0603_1608Metric_Pad0.98x0.95mm_HandSolder",19.515000,-38.890000,180.000000,top
"R6","10K","R_0603_1608Metric_Pad0.98x0.95mm_HandSolder",10.625000,-43.970000,0.000000,top
