Designator,Val,Package,Mid X,Mid Y,Rotation,Layer
C1,0.1uF,C_0805_2012Metric,-90.24524,79.005,90.0,top
Q1,2N7002,SOT-23,-99.58924,47.25,0.0,top
R1,120,R_0805_2012Metric,-83.26024,38.746,-90.0,top
R2,120,R_0805_2012Metric,-81.10124,38.7225,90.0,top
R3,2.2k,R_0603_1608Metric_Pad0.98x0.95mm_HandSolder,-98.68924,44.7,0.0,top
R4,470,R_0603_1608Metric_Pad0.98x0.95mm_HandSolder,-102.39674,47.26,90.0,top
U0,ProMicro,DIP-24_W15.24mm_Socket,-71.76424,67.025,0.0,top
U1,MAX487EESA+T,SOIC-8_3.9x4.9mm_P1.27mm,-85.38924,79.0,180.0,top
